{
    "f1": [
        [
            -154.992513,
            375.017837,
            130.004041,
            -89.989,
            112.455
        ],
        [
            -154.992513,
            375.017837,
            130.004041,
            -89.989,
            112.455
        ],
        [
            -154.992513,
            375.017837,
            130.004041,
            -89.989,
            112.455
        ],
        [
            -154.982187,
            374.992853,
            119.989998,
            -90.007,
            112.455
        ],
        [
            -154.982187,
            374.992853,
            119.989998,
            -90.007,
            112.455
        ],
        [
            -154.9859,
            375.001835,
            149.992181,
            -90.0025,
            132.4575
        ],
        [
            -154.9859,
            375.001835,
            149.992181,
            -90.0025,
            132.4575
        ],
        [
            -154.9859,
            375.001835,
            149.992181,
            -90.0025,
            132.4575
        ],
	[
		-152.000, 
		384.000, 
		120.0, 
		-90.000, 
		109.400
	]
    ],
    "f2": [
	[
		-13.021,
		388.794,
		119.953,
		-90.000,
		89.640
	]
    ],
    "f3": [
	[
		124.993,
		392.022,
		119.990,
		-90.000,
		70.140
	]
    ]
}
