{
    "f1": [
        [
            30.118452,
            -19.966639,
            305.64363,
            172.9685,
            0.36
        ]
    ],
    "f2": [
        [
            -13.608297,
            -33.483852,
            305.649253,
            172.973,
            0.3825
        ]
    ]
}